index,name,DaA,brief,score,quote
1,肖申克的救赎,导演: 弗兰克・德拉邦特 Frank Darabont???主演: 蒂姆・罗宾斯 Tim Robbins /...,1994?/?美国?/?犯罪 剧情,9.7,希望让人自由。
2,霸王别姬,导演: 陈凯歌 Kaige Chen???主演: 张国荣 Leslie Cheung / 张丰毅 Fengyi Zha...,1993?/?中国大陆 中国香港?/?剧情 爱情 同性,9.6,风华绝代。
3,阿甘正传,导演: 罗伯特・泽米吉斯 Robert Zemeckis???主演: 汤姆・汉克斯 Tom Hanks / ...,1994?/?美国?/?剧情 爱情,9.5,一部美国近现代史。
4,这个杀手不太冷,导演: 吕克・贝松 Luc Besson???主演: 让・雷诺 Jean Reno / 娜塔莉・波特曼 ...,1994?/?法国?/?剧情 动作 犯罪,9.4,怪蜀黍和小萝莉不得不说的故事。
5,美丽人生,导演: 罗伯托・贝尼尼 Roberto Benigni???主演: 罗伯托・贝尼尼 Roberto Beni...,1997?/?意大利?/?剧情 喜剧 爱情 战争,9.5,最美的谎言。
6,泰坦尼克号,导演: 詹姆斯・卡梅隆 James Cameron???主演: 莱昂纳多・迪卡普里奥 Leonardo...,1997?/?美国?/?剧情 爱情 灾难,9.4,失去的才是永恒的。 
7,千与千寻,导演: 宫崎骏 Hayao Miyazaki???主演: 艾美 Rumi H?ragi / 入野自由 Miy...,2001?/?日本?/?剧情 动画 奇幻,9.3,最好的宫崎骏，最好的久石让。 
8,辛德勒的名单,导演: 史蒂文・斯皮尔伯格 Steven Spielberg???主演: 连姆・尼森 Liam Neeson...,1993?/?美国?/?剧情 历史 战争,9.5,拯救一个人，就是拯救整个世界。
9,盗梦空间,导演: 克里斯托弗・诺兰 Christopher Nolan???主演: 莱昂纳多・迪卡普里奥 Le...,2010?/?美国 英国?/?剧情 科幻 悬疑 冒险,9.3,诺兰给了我们一场无法盗取的梦。
10,忠犬八公的故事,导演: 莱塞・霍尔斯道姆 Lasse Hallstr?m???主演: 理查・基尔 Richard Ger...,2009?/?美国 英国?/?剧情,9.3,永远都不能忘记你所爱的人。
11,海上钢琴师,导演: 朱塞佩・托纳多雷 Giuseppe Tornatore???主演: 蒂姆・罗斯 Tim Roth / ...,1998?/?意大利?/?剧情 音乐,9.3,每个人都要走一条自己坚定了的路，就算是粉身碎骨。 
12,机器人总动员,导演: 安德鲁・斯坦顿 Andrew Stanton???主演: 本・贝尔特 Ben Burtt / 艾丽...,2008?/?美国?/?科幻 动画 冒险,9.3,小瓦力，大人生。
13,三傻大闹宝莱坞,导演: 拉库马・希拉尼 Rajkumar Hirani???主演: 阿米尔・汗 Aamir Khan / 卡...,2009?/?印度?/?剧情 喜剧 爱情 歌舞,9.2,英俊版憨豆，高情商版谢耳朵。
14,楚门的世界,导演: 彼得・威尔 Peter Weir???主演: 金・凯瑞 Jim Carrey / 劳拉・琳妮 Lau...,1998?/?美国?/?剧情 科幻,9.3,如果再也不能见到你，祝你早安，午安，晚安。
15,放牛班的春天,导演: 克里斯托夫・巴拉蒂 Christophe Barratier???主演: 热拉尔・朱尼奥 Gé...,2004?/?法国 瑞士 德国?/?剧情 音乐,9.3,天籁一般的童声，是最接近上帝的存在。 
16,星际穿越,导演: 克里斯托弗・诺兰 Christopher Nolan???主演: 马修・麦康纳 Matthew Mc...,2014?/?美国 英国 加拿大 冰岛?/?剧情 科幻 冒险,9.3,爱是一种力量，让我们超越时空感知它的存在。
17,大话西游之大圣娶亲,导演: 刘镇伟 Jeffrey Lau???主演: 周星驰 Stephen Chow / 吴孟达 Man Tat Ng...,1995?/?中国香港 中国大陆?/?喜剧 爱情 奇幻 古装,9.2,一生所爱。
18,熔炉,导演: 黄东赫 Dong-hyuk Hwang???主演: 孔侑 Yoo Gong / 郑有美 Yu-mi Jeong ...,2011?/?韩国?/?剧情,9.3,我们一路奋战不是为了改变世界，而是为了不让世界改变我们。
19,龙猫,导演: 宫崎骏 Hayao Miyazaki???主演: 日高法子 Noriko Hidaka / 坂本千夏 Ch...,1988?/?日本?/?动画 奇幻 冒险,9.2,人人心中都有个龙猫，童年就永远不会消失。
20,无间道,导演: 刘伟强 / 麦兆辉???主演: 刘德华 / 梁朝伟 / 黄秋生,2002?/?中国香港?/?剧情 犯罪 悬疑,9.2,香港电影史上永不过时的杰作。
21,教父,导演: 弗朗西斯・福特・科波拉 Francis Ford Coppola???主演: 马龙・白兰度 M...,1972?/?美国?/?剧情 犯罪,9.3,千万不要记恨你的对手，这样会让你失去理智。
22,疯狂动物城,导演: 拜伦・霍华德 Byron Howard / 瑞奇・摩尔 Rich Moore???主演: 金妮弗・...,2016?/?美国?/?喜剧 动画 冒险,9.2,迪士尼给我们营造的乌托邦就是这样，永远善良勇敢，永远出乎意料。
23,当幸福来敲门,导演: 加布里尔・穆奇诺 Gabriele Muccino???主演: 威尔・史密斯 Will Smith ...,2006?/?美国?/?剧情 传记 家庭,9.1,平民励志片。 
24,怦然心动,导演: 罗伯・莱纳 Rob Reiner???主演: 玛德琳・卡罗尔 Madeline Carroll / 卡...,2010?/?美国?/?剧情 喜剧 爱情,9,真正的幸福是来自内心深处。
25,触不可及,导演: 奥利维・那卡什 Olivier Nakache / 艾力克・托兰达 Eric Toledano???主...,2011?/?法国?/?剧情 喜剧,9.2,满满温情的高雅喜剧。
26,蝙蝠侠：黑暗骑士,导演: 克里斯托弗・诺兰 Christopher Nolan???主演: 克里斯蒂安・贝尔 Christ...,2008?/?美国 英国?/?剧情 动作 科幻 犯罪 惊悚,9.2,无尽的黑暗。
27,活着,导演: 张艺谋 Yimou Zhang???主演: 葛优 You Ge / 巩俐 Li Gong / 姜武 Wu Jiang,1994?/?中国大陆 中国香港?/?剧情 历史 家庭,9.2,张艺谋最好的电影。
28,控方证人,导演: 比利・怀尔德 Billy Wilder???主演: 泰隆・鲍华 Tyrone Power / 玛琳・...,1957?/?美国?/?剧情 犯罪 悬疑,9.6,比利・怀德满分作品。
29,乱世佳人,导演: 维克多・弗莱明 Victor Fleming / 乔治・库克 George Cukor???主演: 费...,1939?/?美国?/?剧情 历史 爱情 战争,9.3,Tomorrow is another day.
30,少年派的奇幻漂流,导演: 李安 Ang Lee???主演: 苏拉・沙玛 Suraj Sharma / 伊尔凡・可汗 Irrfan...,2012?/?美国 中国台湾 英国 加拿大?/?剧情 奇幻 冒险,9.1,瑰丽壮观、无人能及的冒险之旅。
31,摔跤吧！爸爸,导演: 涅提・蒂瓦里 Nitesh Tiwari???主演: 阿米尔・汗 Aamir Khan / 法缇玛...,2016?/?印度?/?剧情 传记 运动 家庭,9,你不是在为你一个人战斗，你要让千千万万的女性看到女生并不是只能相夫教子。
32,指环王3：王者无敌,导演: 彼得・杰克逊 Peter Jackson???主演: 维果・莫腾森 Viggo Mortensen / ...,2003?/?美国 新西兰?/?剧情 动作 奇幻 冒险,9.2,史诗的终章。
33,飞屋环游记,导演: 彼特・道格特 Pete Docter / 鲍勃・彼德森 Bob Peterson???主演: 爱德...,2009?/?美国?/?剧情 喜剧 动画 冒险,9,最后那些最无聊的事情，才是最值得怀念的。 
34,寻梦环游记,导演: 李・昂克里奇 Lee Unkrich / 阿德里安・莫利纳 Adrian Molina???主演: ...,2017?/?美国?/?喜剧 动画 奇幻 音乐,9.1,死亡不是真的逝去，遗忘才是永恒的消亡。
35,末代皇帝,导演: 贝纳尔多・贝托鲁奇 Bernardo Bertolucci???主演: 尊龙 John Lone / 陈...,1987?/?英国 意大利 中国大陆 法国?/?剧情 传记 历史,9.2,“不要跟我比惨，我比你更惨”再适合这部电影不过了。
36,十二怒汉,导演: Sidney Lumet???主演: 亨利・方达 Henry Fonda / 马丁・鲍尔萨姆 Marti...,1957?/?美国?/?剧情,9.4,1957年的理想主义。 
37,鬼子来了,导演: 姜文 Wen Jiang???主演: 姜文 Wen Jiang / 香川照之 Teruyuki Kagawa /...,2000?/?中国大陆?/?剧情 历史 战争,9.2,对敌人的仁慈，就是对自己残忍。
38,天空之城,导演: 宫崎骏 Hayao Miyazaki???主演: 田中真弓 Mayumi Tanaka / 横泽启子 Ke...,1986?/?日本?/?动画 奇幻 冒险,9.1,对天空的追逐，永不停止。 
39,天堂电影院,导演: 朱塞佩・托纳多雷 Giuseppe Tornatore???主演: 安东内拉・阿蒂利 Anton...,1988?/?意大利 法国?/?剧情 爱情,9.2,那些吻戏，那些青春，都在影院的黑暗里被泪水冲刷得无比清晰。
40,大话西游之月光宝盒,导演: 刘镇伟 Jeffrey Lau???主演: 周星驰 Stephen Chow / 吴孟达 Man Tat Ng...,1995?/?中国香港 中国大陆?/?喜剧 爱情 奇幻 古装,9,旷古烁今。
41,哈尔的移动城堡,导演: 宫崎骏 Hayao Miyazaki???主演: 倍赏千惠子 Chieko Baish? / 木村拓...,2004?/?日本?/?动画 奇幻 冒险,9,带着心爱的人在天空飞翔。
42,罗马假日,导演: 威廉・惠勒 William Wyler???主演: 奥黛丽・赫本 Audrey Hepburn / 格...,1953?/?美国?/?喜剧 剧情 爱情,9,爱情哪怕只有一天。
43,何以为家,导演: 娜丁・拉巴基 Nadine Labaki???主演: 扎因・拉费阿 Zain al-Rafeea / ...,2018?/?黎巴嫩 法国 美国?/?剧情,9.1,凝视卑弱生命，用电影改变命运。
44,素媛,导演: 李F益 Jun-ik Lee???主演: 薛景求 Kyung-gu Sol / 严志媛 Ji-won Uhm ...,2013?/?韩国?/?剧情,9.2,受过伤害的人总是笑得最开心，因为他们不愿意让身边的人承受一样的痛苦。
45,搏击俱乐部,导演: 大卫・芬奇 David Fincher???主演: 爱德华・诺顿 Edward Norton / 布拉...,1999?/?美国 德国?/?剧情 动作 悬疑 惊悚,9,邪恶与平庸蛰伏于同一个母体，在特定的时间互相对峙。
46,闻香识女人,导演: 马丁・布莱斯 Martin Brest???主演: 阿尔・帕西诺 Al Pacino / 克里斯...,1992?/?美国?/?剧情,9,史上最美的探戈。
47,辩护人,导演: 杨宇硕 Woo-seok Yang???主演: 宋康昊 Kang-ho Song / 吴达洙 Dal-su O...,2013?/?韩国?/?剧情,9.2,电影的现实意义大过电影本身。
48,窃听风暴,导演: 弗洛里安・亨克尔・冯・多纳斯马尔克 Florian Henckel von Donnersmarck??&n...,2006?/?德国?/?剧情 悬疑,9.1,别样人生。
49,死亡诗社,导演: 彼得・威尔 Peter Weir???主演: 罗宾・威廉姆斯 Robin Williams / 罗伯...,1989?/?美国?/?剧情,9.1,当一个死水般的体制内出现一个活跃的变数时，所有的腐臭都站在了光明的对面。
50,教父2,导演: 弗朗西斯・福特・科波拉 Francis Ford Coppola???主演: 阿尔・帕西诺 A...,1974?/?美国?/?剧情 犯罪,9.2,优雅的孤独。
51,指环王2：双塔奇兵,导演: 彼得・杰克逊 Peter Jackson???主演: 伊利亚・伍德 Elijah Wood / 西恩...,2002?/?美国 新西兰?/?剧情 动作 奇幻 冒险,9.1,承前启后的史诗篇章。
52,狮子王,导演: Roger Allers / 罗伯・明可夫 Rob Minkoff???主演: 乔纳森・泰勒・托马...,1994?/?美国?/?动画 冒险 歌舞,9,动物版《哈姆雷特》。
53,两杆大烟枪,导演: Guy Ritchie???主演: Jason Flemyng / Dexter Fletcher / Nick Moran,1998?/?英国?/?剧情 喜剧 犯罪,9.1,4个臭皮匠顶个诸葛亮，盖・里奇果然不是盖的。
54,飞越疯人院,导演: 米洛斯・福尔曼 Milo? Forman???主演: 杰克・尼科尔森 Jack Nichols...,1975?/?美国?/?剧情,9.1,自由万岁。
55,指环王1：魔戒再现,导演: 彼得・杰克逊 Peter Jackson???主演: 伊利亚・伍德 Elijah Wood / 西恩...,2001?/?新西兰 美国?/?剧情 动作 奇幻 冒险,9,传说的开始。
56,哈利・波特与魔法石,导演: Chris Columbus???主演: Daniel Radcliffe / Emma Watson / Rupert Grint,2001?/?美国 英国?/?奇幻 冒险,9,童话世界的开端。
57,V字仇杀队,导演: 詹姆斯・麦克特格 James McTeigue???主演: 娜塔莉・波特曼 Natalie Por...,2005?/?美国 英国 德国?/?剧情 动作 科幻 惊悚,8.9,一张面具背后的理想与革命。
58,饮食男女,导演: 李安 Ang Lee???主演: 郎雄 Sihung Lung / 杨贵媚 Kuei-Mei Yang / 吴...,1994?/?中国台湾 美国?/?剧情 家庭,9.1,人生不能像做菜，把所有的料都准备好了才下锅。
59,美丽心灵,导演: 朗・霍华德 Ron Howard???主演: 罗素・克劳 Russell Crowe / 艾德・哈...,2001?/?美国?/?传记 剧情,9,爱是一切逻辑和原由。
60,大闹天宫,导演: 万籁鸣 Laiming Wan / 唐澄 Cheng  Tang???主演: 邱岳峰 Yuefeng Qiu /...,1961(中国大陆) / 1964(中国大陆) / 1978(中国大陆) / 2004(中国大陆)?/?中国大陆?/?动画 奇幻,9.3,经典之作，历久弥新。
61,我不是药神,导演: 文牧野 Muye Wen???主演: 徐峥 Zheng Xu / 王传君 Chuanjun Wang / 周...,2018?/?中国大陆?/?剧情 喜剧,9,对我们国家而言，这样的电影多一部是一部。
62,钢琴家,导演: 罗曼・波兰斯基 Roman Polanski???主演: 艾德里安・布洛迪 Adrien Brod...,2002?/?法国 德国 英国 波兰?/?剧情 传记 历史 战争 音乐,9.1,音乐能化解仇恨。
63,黑客帝国,导演: 安迪・沃卓斯基 Andy Wachowski / 拉娜・沃卓斯基 Lana Wachowski???主...,1999?/?美国 澳大利亚?/?动作 科幻,9,视觉革命。
64,本杰明・巴顿奇事,导演: 大卫・芬奇 David Fincher???主演: 凯特・布兰切特 Cate Blanchett / ...,2008?/?美国?/?剧情 爱情 奇幻,8.9,在时间之河里感受溺水之苦。
65,海豚湾,导演: 路易・西霍尤斯 Louie Psihoyos???主演: Richard O'Barry / 路易・西霍...,2009?/?美国?/?纪录片,9.3,海豚的微笑，是世界上最高明的伪装。
66,看不见的客人,导演: 奥里奥尔・保罗 Oriol Paulo???主演: 马里奥・卡萨斯 Mario Casas / 阿...,2016?/?西班牙?/?剧情 犯罪 悬疑 惊悚,8.8,你以为你以为的就是你以为的。
67,情书,导演: 岩井俊二 Shunji Iwai???主演: 中山美穗 Miho Nakayama / 丰川悦司 Ets...,1995?/?日本?/?剧情 爱情,8.9,暗恋的极致。
68,让子弹飞,导演: 姜文 Wen Jiang???主演: 姜文 Wen Jiang / 葛优 You Ge / 周润发 Yun-F...,2010?/?中国大陆 中国香港?/?剧情 喜剧 动作 西部,8.8,你给我翻译翻译，神马叫做TMD的惊喜。
69,猫鼠游戏,导演: 史蒂文・斯皮尔伯格 Steven Spielberg???主演: 莱昂纳多・迪卡普里奥 L...,2002?/?美国 加拿大?/?传记 犯罪 剧情,8.9,骗子大师和执著警探的你追我跑故事。 
70,西西里的美丽传说,导演: 朱塞佩・托纳多雷 Giuseppe Tornatore???主演: 莫妮卡・贝鲁奇 Monica ...,2000?/?意大利 美国?/?剧情 战争 情色,8.9,美丽无罪。
71,小鞋子,导演: 马基德・马基迪 Majid Majidi???主演: 法拉赫阿米尔・哈什米安 Amir Fa...,1997?/?伊朗?/?剧情 儿童 家庭,9.2,奔跑的孩子是天使。
72,拯救大兵瑞恩,导演: 史蒂文・斯皮尔伯格 Steven Spielberg???主演: 汤姆・汉克斯 Tom Hanks...,1998?/?美国?/?剧情 历史 战争,9,美利坚精神输出大片No1.
73,美国往事,导演: 赛尔乔・莱翁内 Sergio Leone???主演: 罗伯特・德尼罗 Robert De Niro ...,1984?/?美国 意大利?/?犯罪 剧情,9.2,往事如烟，无处祭奠。
74,音乐之声,导演: 罗伯特・怀斯 Robert Wise???主演: 朱莉・安德鲁斯 Julie Andrews / 克...,1965?/?美国?/?剧情 传记 爱情 歌舞,9,用音乐化解仇恨，让歌声串起美好。
75,致命魔术,导演: 克里斯托弗・诺兰 Christopher Nolan???主演: 休・杰克曼 Hugh Jackman...,2006?/?美国 英国?/?剧情 悬疑 惊悚,8.9,孪生蝙蝠侠大战克隆金刚狼。
76,穿条纹睡衣的男孩,导演: 马克・赫尔曼 Mark Herman???主演: 阿萨・巴特菲尔德 Asa Butterfield ...,2008?/?英国 美国?/?剧情 战争,9.1,尽管有些不切实际的幻想，这部电影依旧是一部感人肺腑的佳作。
77,七宗罪,导演: 大卫・芬奇 David Fincher???主演: 摩根・弗里曼 Morgan Freeman / 布...,1995?/?美国?/?剧情 犯罪 悬疑 惊悚,8.8,警察抓小偷，老鼠玩死猫。
78,低俗小说,导演: 昆汀・塔伦蒂诺 Quentin Tarantino???主演: 约翰・特拉沃尔塔 John Tra...,1994?/?美国?/?剧情 喜剧 犯罪,8.8,故事的高级讲法。
79,被嫌弃的松子的一生,导演: 中岛哲也 Tetsuya Nakashima???主演: 中谷美纪 Miki Nakatani / 瑛太 E...,2006?/?日本?/?剧情 歌舞,8.9,以戏谑来戏谑戏谑。
80,沉默的羔羊,导演: 乔纳森・戴米 Jonathan Demme???主演: 朱迪・福斯特 Jodie Foster / 安...,1991?/?美国?/?剧情 犯罪 惊悚,8.8,安东尼・霍普金斯的顶级表演。
81,蝴蝶效应,导演: 埃里克・布雷斯 Eric Bress / J・麦基・格鲁伯 J. Mackye Gruber???主...,2004?/?美国 加拿大?/?剧情 悬疑 科幻 惊悚,8.8,人的命运被自己瞬间的抉择改变。
82,春光乍泄,导演: 王家卫 Kar Wai Wong???主演: 张国荣 Leslie Cheung / 梁朝伟 Tony Leu...,1997?/?中国香港 日本 韩国?/?剧情 爱情 同性,8.9,爱情纠缠，男女一致。
83,心灵捕手,导演: 格斯・范・桑特 Gus Van Sant???主演: 马特・达蒙 Matt Damon / 罗宾・...,1997?/?美国?/?剧情,8.9,人生中应该拥有这样的一段豁然开朗。
84,禁闭岛,导演: Martin Scorsese???主演: 莱昂纳多・迪卡普里奥 Leonardo DiCaprio / ...,2010?/?美国?/?剧情 悬疑 惊悚,8.8,昔日翩翩少年，今日大腹便便。
85,布达佩斯大饭店,导演: 韦斯・安德森 Wes Anderson???主演: 拉尔夫・费因斯 Ralph Fiennes / ...,2014?/?美国 德国 英国?/?剧情 喜剧 冒险,8.8,小清新的故事里注入了大历史的情怀。
86,勇敢的心,导演: 梅尔・吉布森 Mel Gibson???主演: 梅尔・吉布森 Mel Gibson / 苏菲・玛...,1995?/?美国?/?动作 传记 剧情 历史 战争,8.9,史诗大片的典范。
87,剪刀手爱德华,导演: 蒂姆・波顿 Tim Burton???主演: 约翰尼・德普 Johnny Depp / 薇诺娜・...,1990?/?美国?/?剧情 奇幻 爱情,8.7,浪漫忧郁的成人童话。
88,天使爱美丽,导演: 让-皮埃尔・热内 Jean-Pierre Jeunet???主演: 奥黛丽・塔图 Audrey Tau...,2001?/?法国 德国?/?喜剧 爱情,8.7,法式小清新。 
89,阿凡达,导演: 詹姆斯・卡梅隆 James Cameron???主演: 萨姆・沃辛顿 Sam Worthington ...,2009?/?美国 英国?/?动作 科幻 冒险,8.7,绝对意义上的美轮美奂。
90,摩登时代,导演: 查理・卓别林 Charles Chaplin???主演: 查理・卓别林 Charles Chaplin ...,1936?/?美国?/?剧情 喜剧 爱情,9.3,大时代中的人生，小人物的悲喜。
91,加勒比海盗,导演: 戈尔・维宾斯基 Gore Verbinski???主演: 约翰尼・德普 Johnny Depp / ...,2003?/?美国?/?动作 冒险 奇幻,8.7,约翰尼・德普的独角戏。
92,致命ID,导演: James Mangold???主演: John Cusack / Ray Liotta / Amanda Peet,2003?/?美国?/?剧情 悬疑 惊悚,8.8,最不可能的那个人永远是最可能的。
93,断背山,导演: 李安 Ang Lee???主演: 希斯・莱杰 Heath Ledger / 杰克・吉伦哈尔 Jake...,2005?/?美国 加拿大?/?剧情 爱情 同性 家庭,8.8,每个人心中都有一座断背山。
94,喜剧之王,导演: 周星驰 Stephen Chow / 李力持 Lik-Chi Lee???主演: 周星驰 Stephen Ch...,1999?/?中国香港?/?喜剧 剧情 爱情,8.7,我是一个演员。
95,幽灵公主,导演: 宫崎骏 Hayao Miyazaki???主演: 松田洋治 Y?ji Matsuda / 石田百合...,1997?/?日本?/?动画 奇幻 冒险,8.9,人与自然的战争史诗。
96,入殓师,导演: 泷田洋二郎 Y?jir? Takita???主演: 本木雅弘 Masahiro Motoki / ...,2008?/?日本?/?剧情,8.8,死可能是一道门，逝去并不是终结，而是超越，走向下一程。
97,海蒂和爷爷,导演: 阿兰・葛斯彭纳 Alain Gsponer???主演: 阿努克・斯特芬 Anuk Steffen /...,2015?/?德国 瑞士 南非?/?剧情 冒险 家庭,9.2,如果生活中有什么使你感到快乐，那就去做吧！不要管别人说什么。
98,阳光灿烂的日子,导演: 姜文 Wen Jiang???主演: 夏雨 Yu Xia / 宁静 Jing Ning / 陶虹 Hong Tao,1994?/?中国大陆 中国香港?/?剧情 爱情,8.8,一场华丽的意淫。
99,狩猎,导演: 托马斯・温特伯格 Thomas Vinterberg???主演: 麦斯・米科尔森 Mads Mik...,2012?/?丹麦 瑞典?/?剧情,9.1,人言可畏。
100,重庆森林,导演: 王家卫 Kar Wai Wong???主演: 林青霞 Brigitte Lin / 金城武 Takeshi K...,1994?/?中国香港?/?剧情 爱情,8.7,寂寞没有期限。
101,第六感,导演: M・奈特・沙马兰 M. Night Shyamalan???主演: 布鲁斯・威利斯 Bruce Wi...,1999?/?美国?/?剧情 悬疑 惊悚,8.9,深入内心的恐怖，出人意料的结局。
102,绿皮书,导演: 彼得・法雷里 Peter Farrelly???主演: 维果・莫腾森 Viggo Mortensen /...,2018?/?美国?/?剧情 喜剧 传记,8.9,去除成见，需要勇气。
103,杀人回忆,导演: 奉俊昊 Joon-ho Bong???主演: 宋康昊 Kang-ho Song / 金相庆 Sang-kyun...,2003?/?韩国?/?犯罪 剧情 悬疑 惊悚,8.8,关于连环杀人悬案的集体回忆。
104,小森林 夏秋篇,导演: 森淳一 Junichi Mori???主演: 桥本爱 Ai Hashimoto / 三浦贵大 Takahir...,2014?/?日本?/?剧情,9,那些静得只能听见呼吸的日子里，你明白孤独即生活。
105,请以你的名字呼唤我,导演: 卢卡・瓜达尼诺 Luca Guadagnino???主演: 艾米・汉莫 Armie Hammer / ...,2017?/?意大利 法国 巴西 美国 荷兰 德国?/?剧情 爱情 同性,8.9,沉醉在电影的情感和视听氛围中无法自拔。
106,消失的爱人,导演: 大卫・芬奇 David Fincher???主演: 本・阿弗莱克 Ben Affleck / 罗莎蒙...,2014?/?美国?/?剧情 犯罪 悬疑 惊悚,8.7,年度最佳date movie。
107,玛丽和马克思,导演: 亚当・艾略特 Adam Elliot???主演: 托妮・科莱特 Toni Collette / 菲利...,2009?/?澳大利亚?/?剧情 喜剧 动画,8.9,你是我最好的朋友，你是我唯一的朋友 。
108,告白,导演: 中岛哲也 Tetsuya Nakashima???主演: 松隆子 Takako Matsu / 冈田将生 ...,2010?/?日本?/?剧情 惊悚,8.7,没有一人完全善，也没有一人完全恶。
109,红辣椒,导演: 今敏 Satoshi Kon???主演: 林原惠美 Megumi Hayashibara / 江守彻 Toru...,2006?/?日本?/?动画 悬疑 科幻 惊悚,9,梦的勾结。
110,一一,导演: 杨德昌 Edward Yang???主演: 吴念真 / 李凯莉 Kelly Lee / 金燕玲 Elai...,2000?/?中国台湾 日本?/?剧情 爱情 家庭,9,我们都曾经是一一。
111,爱在黎明破晓前,导演: 理查德・林克莱特 Richard Linklater???主演: 伊桑・霍克 Ethan Hawke ...,1995?/?美国 奥地利 瑞士?/?剧情 爱情,8.8,缘分是个连绵词，最美不过一瞬。
112,大鱼,导演: 蒂姆・波顿 Tim Burton???主演: 伊万・麦克格雷格 Ewan McGregor / 阿...,2003?/?美国?/?剧情 家庭 奇幻 冒险,8.8,抱着梦想而活着的人是幸福的，怀抱梦想而死去的人是不朽的。
113,7号房的礼物,导演: 李焕庆 Hwan-kyeong Lee???主演: 柳承龙 Seung-yong Ryoo / 朴信惠 Shi...,2013?/?韩国?/?剧情 喜剧 家庭,8.9,《我是山姆》的《美丽人生》。
114,哈利・波特与死亡圣器(下),导演: 大卫・叶茨 David Yates???主演: 丹尼尔・雷德克里夫 Daniel Radcliffe...,2011?/?美国 英国?/?剧情 悬疑 奇幻 冒险,8.8,10年的完美句点。
115,阳光姐妹淘,导演: 姜炯哲 Hyeong-Cheol Kang???主演: 沈恩京 Eun-kyung Shim / 闵孝琳 Hy...,2011?/?韩国?/?剧情 喜剧,8.8,再多各自牛逼的时光，也比不上一起傻逼的岁月。 
116,侧耳倾听,导演: 近藤喜文 Yoshifumi Kondo???主演: 本名阳子 Youko Honna / 小林桂树 K...,1995?/?日本?/?剧情 爱情 动画,8.9,少女情怀总是诗。
117,射雕英雄传之东成西就,导演: 刘镇伟 Jeffrey Lau???主演: 梁朝伟 Tony Leung Chiu Wai / 林青霞 Bri...,1993?/?中国香港?/?喜剧 奇幻 武侠 古装,8.7,百看不厌。 
118,超脱,导演: 托尼・凯耶 Tony Kaye???主演: 艾德里安・布洛迪 Adrien Brody / 马西...,2011?/?美国?/?剧情,8.9,穷尽一生，我们要学会的，不过是彼此拥抱。
119,小森林 冬春篇,导演: 森淳一 Junichi Mori???主演: 桥本爱 Ai Hashimoto / 三浦贵大 Takahir...,2015?/?日本?/?剧情,9,尊敬他人，尊敬你生活的这片土地，明白孤独是人生的常态。
120,甜蜜蜜,导演: 陈可辛 Peter Chan???主演: 黎明 Leon Lai / 张曼玉 Maggie Cheung / ...,1996?/?中国香港?/?剧情 爱情,8.8,相逢只要一瞬间，等待却像是一辈子。
121,倩女幽魂,导演: 程小东 Siu-Tung Ching???主演: 张国荣 Leslie Cheung / 王祖贤 Joey W...,1987?/?中国香港?/?爱情 奇幻 武侠 古装,8.7,两张绝世的脸。 
122,蝙蝠侠：黑暗骑士崛起,导演: 克里斯托弗・诺兰 Christopher Nolan???主演: 克里斯蒂安・贝尔 Christ...,2012?/?美国 英国?/?剧情 动作 科幻 犯罪 惊悚,8.7,诺兰就是保证。
123,驯龙高手,导演: 迪恩・德布洛斯 Dean DeBlois / 克里斯・桑德斯 Chris Sanders???主演:...,2010?/?美国?/?动画 奇幻 冒险,8.7,和谐的生活离不开摸头与被摸头。
124,唐伯虎点秋香,导演: 李力持 Lik-Chi Lee???主演: 周星驰 Stephen Chow / 巩俐 Li Gong / 陈...,1993?/?中国香港?/?喜剧 爱情 古装,8.6,华太师是黄，吴镇宇四大才子之一。
125,菊次郎的夏天,导演: 北野武 Takeshi Kitano???主演: 北野武 Takeshi Kitano / 关口雄介 Yus...,1999?/?日本?/?剧情 喜剧,8.8,从没见过那么流氓的温柔，从没见过那么温柔的流氓。
126,萤火之森,导演: 大森贵弘 Takahiro Omori???主演: 佐仓绫音 Ayane Sakura / 内山昂辉 K...,2011?/?日本?/?剧情 爱情 动画 奇幻,8.8,触不到的恋人。
127,恐怖直播,导演: 金秉v Byeong-woo Kim???主演: 河正宇 Jung-woo Ha / 李Z荣 Kyeong-y...,2013?/?韩国?/?剧情 犯罪 悬疑,8.8,恐怖分子的“秋菊打官司”。
128,爱在日落黄昏时,导演: 理查德・林克莱特 Richard Linklater???主演: 伊桑・霍克 Ethan Hawke ...,2004?/?美国 法国?/?剧情 爱情,8.8,九年后的重逢是世俗和责任的交叠，没了悸动和青涩，沧桑而温暖。
129,幸福终点站,导演: 史蒂文・斯皮尔伯格 Steven Spielberg???主演: 汤姆・汉克斯 Tom Hanks...,2004?/?美国?/?喜剧 剧情 爱情,8.8,有时候幸福需要等一等。 
130,超能陆战队,导演: 唐・霍尔 Don Hall / 克里斯・威廉姆斯 Chris Williams???主演: 斯科特...,2014?/?美国?/?喜剧 动作 科幻 动画 冒险,8.7,Balalala~~~
131,借东西的小人阿莉埃蒂,导演: 米林宏昌 Hiromasa Yonebayashi???主演: 志田未来 Mirai Shida / 神木...,2010?/?日本?/?动画 奇幻 冒险,8.8,曾经的那段美好会沉淀为一辈子的记忆。
132,无人知晓,导演: 是枝裕和 Hirokazu Koreeda???主演: 柳乐优弥 Y?ya Yagira / 北浦爱...,2004?/?日本?/?剧情,9.1,我的平常生活就是他人的幸福。
133,风之谷,导演: 宫崎骏 Hayao Miyazaki???主演: 岛本须美 Sumi Shimamoto / 松田洋治 Y...,1984?/?日本?/?动画 奇幻 冒险,8.9,动画片的圣经。
134,神偷奶爸,导演: 皮艾尔・柯芬 Pierre Coffin / 克里斯・雷纳德 Chris Renaud???主演: ...,2010?/?美国 法国?/?喜剧 动画 冒险,8.6,Mr. I Don't Care其实也有Care的时候。
135,上帝之城,导演: 费尔南多・梅里尔斯 Fernando Meirelles / 卡迪亚・兰德 Kátia Lund??&nbsp...,2002?/?巴西 法国?/?犯罪 剧情,8.9,被上帝抛弃了的上帝之城。
136,怪兽电力公司,导演: 彼特・道格特 Pete Docter / 大卫・斯沃曼 David Silverman???主演: 约...,2001?/?美国?/?儿童 喜剧 动画 奇幻 冒险,8.7,不要给它起名字，起了名字就有感情了。
137,玩具总动员3,导演: 李・昂克里奇 Lee Unkrich???主演: 汤姆・汉克斯 Tom Hanks / 蒂姆・艾...,2010?/?美国?/?喜剧 动画 奇幻 冒险,8.8,跨度十五年的欢乐与泪水。
138,血战钢锯岭,导演: 梅尔・吉布森 Mel Gibson???主演: 安德鲁・加菲尔德 Andrew Garfield /...,2016?/?美国 澳大利亚?/?剧情 传记 历史 战争,8.7,优秀的战争片不会美化战场，不会粉饰死亡，不会矮化敌人，不会无视常识，最重要的，不会宣扬战争。
139,电锯惊魂,导演: 詹姆斯・温 James Wan???主演: 雷・沃纳尔 Leigh Whannell / 加利・艾...,2004?/?美国?/?悬疑 惊悚 恐怖,8.7,真相就在眼前。
140,完美的世界,导演: 克林特・伊斯特伍德 Clint Eastwood???主演: 凯文・科斯特纳 Kevin Cos...,1993?/?美国?/?剧情 犯罪,9.1,坏人的好总是比好人的好来得更感人。
141,岁月神偷,导演: 罗启锐 Alex Law???主演: 吴君如 Sandra Ng / 任达华 Simon Yam / 钟绍...,2010?/?中国香港 中国大陆?/?剧情 家庭,8.7,岁月流逝，来日可追。
142,喜宴,导演: 李安 Ang Lee???主演: 赵文u Winston Chao / 郎雄 Sihung Lung / 归亚...,1993?/?中国台湾 美国?/?剧情 喜剧 爱情 同性 家庭,8.9,中国家庭的喜怒哀乐忍。
143,时空恋旅人,导演: 理查德・柯蒂斯 Richard Curtis???主演: 多姆纳尔・格里森 Domhnall Gl...,2013?/?英国?/?喜剧 爱情 奇幻,8.7,把每天当作最后一天般珍惜度过，积极拥抱生活，就是幸福。
144,傲慢与偏见,导演: 乔・怀特 Joe Wright???主演: 凯拉・奈特莉 Keira Knightley / 马修・...,2005?/?法国 英国 美国?/?剧情 爱情,8.6,爱是摈弃傲慢与偏见之后的曙光。
145,七武士,导演: 黑泽明 Akira Kurosawa???主演: 三船敏郎 Toshir? Mifune / 志村乔 ...,1954?/?日本?/?动作 冒险 剧情,9.2,时代悲歌。
146,谍影重重3,导演: 保罗・格林格拉斯 Paul Greengrass???主演: 马特・达蒙 Matt Damon / ...,2007?/?美国 德国?/?动作 悬疑 惊悚,8.8,像吃了苏打饼一样干脆的电影。
147,英雄本色,导演: 吴宇森 John Woo???主演: 周润发 Yun-Fat Chow / 狄龙 Lung Ti / 张国...,1986?/?中国香港?/?剧情 动作 犯罪,8.7,英雄泪短，兄弟情长。 
148,疯狂原始人,导演: 科克・德・米科 Kirk De Micco / 克里斯・桑德斯 Chris Sanders???主演...,2013?/?美国?/?喜剧 动画 冒险,8.7,老少皆宜，这就是好莱坞动画的魅力。
149,教父3,导演: 弗朗西斯・福特・科波拉 Francis Ford Coppola???主演: 阿尔・帕西诺 A...,1990?/?美国?/?剧情 犯罪,8.9,任何信念的力量，都无法改变命运。
150,真爱至上,导演: 理查德・柯蒂斯 Richard Curtis???主演: 休・格兰特 Hugh Grant / 柯林...,2003?/?英国 美国 法国?/?喜剧 剧情 爱情,8.6,爱，是个动词。
151,萤火虫之墓,导演: 高x勋 Isao Takahata???主演: 辰己努 / 白石绫乃 / 志乃原良子,1988?/?日本?/?动画 剧情 战争,8.7,幸福是生生不息，却难以触及的远。 
152,被解救的姜戈,导演: 昆汀・塔伦蒂诺 Quentin Tarantino???主演: 杰米・福克斯 Jamie Foxx /...,2012?/?美国?/?剧情 动作 西部 冒险,8.7,热血沸腾，那个低俗、性感的无耻混蛋又来了。
153,东邪西毒,导演: 王家卫 Kar Wai Wong???主演: 张国荣 Leslie Cheung / 林青霞 Brigitte...,1994?/?中国香港 中国台湾?/?剧情 动作 爱情 武侠 古装,8.6,电影诗。
154,心迷宫,导演: 忻钰坤 Yukun Xin???主演: 霍卫民 Weimin Huo / 王笑天 Xiaotian Wang ...,2014?/?中国大陆?/?剧情 犯罪 悬疑,8.7,荒诞讽刺，千奇百巧，抽丝剥茧，百转千回。
155,爆裂鼓手,导演: 达米恩・查泽雷 Damien Chazelle???主演: 迈尔斯・特勒 Miles Teller /...,2014?/?美国?/?剧情 音乐,8.7,这个世界从不善待努力的人，努力了也不一定会成功，但是知道自己在努力，就是活下去的动力。
156,三块广告牌,导演: 马丁・麦克唐纳 Martin McDonagh???主演: 弗兰西斯・麦克多蒙德 France...,2017?/?美国 英国?/?剧情 犯罪,8.7,怼天怼地，你走后，她与世界为敌。
157,纵横四海,导演: 吴宇森 John Woo???主演: 周润发 Yun-Fat Chow / 张国荣 Leslie Cheung...,1991?/?中国香港?/?剧情 喜剧 动作 犯罪,8.8,香港浪漫主义警匪动作片的巅峰之作。
158,记忆碎片,导演: 克里斯托弗・诺兰 Christopher Nolan???主演: 盖・皮尔斯 Guy Pearce /...,2000?/?美国?/?犯罪 剧情 悬疑 惊悚,8.6,一个针管引发的血案。
159,贫民窟的百万富翁,导演: 丹尼・鲍尔 Danny Boyle / 洛芙琳・坦丹 Loveleen Tandan???主演: 戴夫...,2008?/?英国 美国?/?剧情 爱情,8.6,上帝之城+猜火车+阿甘正传+开心辞典=山寨富翁
160,黑天鹅,导演: 达伦・阿罗诺夫斯基 Darren Aronofsky???主演: 娜塔莉・波特曼 Natalie...,2010?/?美国?/?剧情 惊悚,8.6,黑暗之美。
161,哪吒闹海,导演: 严定宪 Dingxian Yan / 王树忱 Shuchen Wang???主演: 梁正晖 Zhenghui ...,1979?/?中国大陆?/?冒险 动画 奇幻,9,想你时你在闹海。
162,荒蛮故事,导演: 达米安・斯兹弗隆 Damián Szifron???主演: 达里奥・葛兰帝内提 Darío...,2014?/?阿根廷 西班牙?/?剧情 喜剧 犯罪,8.8,始于荒诞，止于更荒诞。
163,达拉斯买家俱乐部,导演: 让-马克・瓦雷 Jean-Marc Vallée???主演: 马修・麦康纳 Matthew McCon...,2013?/?美国?/?剧情 传记 同性,8.8,Jared Leto的腿比女人还美！
164,我是山姆,导演: 杰茜・尼尔森 Jessie Nelson???主演: Sean Penn / Dakota Fanning / Mi...,2001?/?美国?/?剧情 家庭,8.9,爱并不需要智商 。
165,花样年华,导演: 王家卫 Kar Wai Wong???主演: 梁朝伟 Tony Leung Chiu Wai / 张曼玉 Ma...,2000?/?中国香港?/?剧情 爱情,8.6,偷情本没有这样美。
166,你的名字。,导演: 新海诚 Makoto Shinkai???主演: 神木隆之介 Ry?nosuke Kamiki / 上...,2016?/?日本?/?剧情 爱情 动画,8.4,穿越错位的时空，仰望陨落的星辰，你没留下你的名字，我却无法忘记那句“我爱你”。
167,天书奇谭,导演: 王树忱 Shuchen Wang / 钱运达 Yunda Qian???主演: 丁建华 Jianhua Din...,1983(中国大陆)?/?中国大陆?/?动画 奇幻,9.2,传奇的年代，醉人的童话。
168,功夫,导演: 周星驰 Stephen Chow???主演: 周星驰 Stephen Chow / 元秋 Qiu Yuen / ...,2004?/?中国大陆 中国香港?/?动作 喜剧 犯罪 奇幻,8.5,警恶惩奸，维护世界和平这个任务就交给你了，好吗？
169,头号玩家,导演: 史蒂文・斯皮尔伯格 Steven Spielberg???主演: 泰伊・谢里丹 Tye Sheri...,2018?/?美国?/?动作 科幻 冒险,8.7,写给影迷，动漫迷和游戏迷的一封情书。
170,雨人,导演: 巴瑞・莱文森 Barry Levinson???主演: 达斯汀・霍夫曼 Dustin Hoffman ...,1988?/?美国?/?剧情,8.7,生活在自己的世界里，也可以让周围的人显得可笑和渺小。
171,卢旺达饭店,导演: 特瑞・乔治 Terry George???主演: 唐・钱德尔 Don Cheadle / 苏菲・奥...,2004?/?英国 南非 意大利?/?剧情 历史 战争,8.9,当这个世界闭上双眼，他却敞开了怀抱。
172,头脑特工队,导演: 彼特・道格特 Pete Docter / 罗纳尔多・德尔・卡门 Ronaldo Del Carmen??&nb...,2015?/?美国?/?喜剧 动画 冒险,8.7,愿我们都不用长大，每一座城堡都能永远存在。
173,忠犬八公物语,导演: Seijir? K?yama???主演: 山本圭 Kei Yamamoto / 井川比佐志 Hisa...,1987?/?日本?/?剧情,9.1,养狗三日，便会对你终其一生。
174,你看起来好像很好吃,导演: 藤森雅也 Masaya Fujimori???主演: 山口胜平 Kappei Yamaguchi / 爱河...,2010?/?日本?/?剧情 动画 儿童,8.9,感情不分食草或者食肉。
175,一个叫欧维的男人决定去死,导演: 汉内斯・赫尔姆 Hannes Holm???主演: 罗夫・拉斯加德 Rolf Lassg?rd...,2015?/?瑞典?/?剧情,8.8,惠及一生的美丽。
176,无敌破坏王,导演: 瑞奇・莫尔 Rich Moore???主演: 约翰・C・赖利 John C. Reilly / 萨拉...,2012?/?美国?/?喜剧 动画 奇幻 冒险,8.7,迪士尼和皮克斯拿错剧本的产物。
177,模仿游戏,导演: 莫滕・泰杜姆 Morten Tyldum???主演: 本尼迪克特・康伯巴奇 Benedict C...,2014?/?英国 美国?/?剧情 传记 战争 同性,8.7,他给机器起名“克里斯托弗”，因为这是他初恋的名字。
178,未麻的部屋,导演: 今敏 Satoshi Kon???主演: 岩男润子 Junko Iwao / 松本梨香 Rica Matsu...,1997?/?日本?/?动画 奇幻 惊悚,8.9,好的剧本是，就算你猜到了结局也猜不到全部。
179,海边的曼彻斯特,导演: 肯尼斯・罗纳根 Kenneth Lonergan???主演: 卡西・阿弗莱克 Casey Affle...,2016?/?美国?/?剧情 家庭,8.6,我们都有权利不与自己的过去和解。
180,冰川时代,导演: 卡洛斯・沙尔丹哈 Carlos Saldanha / 克里斯・韦奇 Chris Wedge???主演...,2002?/?美国?/?喜剧 动画 冒险,8.5,松鼠才是角儿。
181,恋恋笔记本,导演: 尼克・卡索维茨 Nick Cassavetes???主演: 瑞恩・高斯林 Ryan Gosling /...,2004?/?美国?/?剧情 爱情,8.5,爱情没有那么多借口，如果不能圆满，只能说明爱的不够。 
182,黑客帝国3：矩阵革命,导演: Andy Wachowski / Larry Wachowski???主演: 基努・里维斯 Keanu Reeves...,2003?/?美国 澳大利亚?/?动作 科幻,8.7,不得不说，《黑客帝国》系列是商业片与科幻、哲学完美结合的典范。
183,二十二,导演: 郭柯 Ke Guo???主演:,2015?/?中国大陆?/?纪录片,8.7,有一些东西不应该被遗忘。
184,虎口脱险,导演: 杰拉尔・乌里 Gérard Oury???主演: 路易・德・菲耐斯 Louis de Funès...,1966?/?法国 英国?/?喜剧 战争,8.9,永远看不腻的喜剧。
185,雨中曲,导演: 斯坦利・多南 Stanley Donen / 吉恩・凯利 Gene Kelly???主演: 吉恩・...,1952?/?美国?/?喜剧 歌舞 爱情,9,骨灰级歌舞片。
186,海街日记,导演: 是枝裕和 Hirokazu Koreeda???主演: 绫濑遥 Haruka Ayase / 长泽雅美 M...,2015?/?日本?/?剧情 家庭,8.7,是枝裕和的家庭习作。
187,人工智能,导演: 史蒂文・斯皮尔伯格 Steven Spielberg???主演: 海利・乔・奥斯蒙 Haley...,2001?/?美国?/?冒险 剧情 科幻,8.6,对爱的执着，可以超越一切。
188,房间,导演: 伦尼・阿伯拉罕森 Lenny Abrahamson???主演: 布丽・拉尔森 Brie Larson...,2015?/?爱尔兰 加拿大 英国 美国?/?剧情 家庭,8.8,被偷走的岁月，被伤害的生命，被禁锢的灵魂，终将被希望和善意救赎。
189,海洋,导演: 雅克・贝汉 Jacques Perrin / 雅克・克鲁奥德 Jacques Cluzaud???主演:...,2009?/?法国 瑞士 西班牙 美国 阿联酋?/?纪录片,9.1,大海啊，不全是水。
190,釜山行,导演: 延尚昊 Sang-ho Yeon???主演: 孔侑 Yoo Gong / 郑有美 Yu-mi Jung / 马...,2016?/?韩国?/?动作 惊悚 灾难,8.4,揭露人性的丧尸题材力作。
191,恐怖游轮,导演: 克里斯托弗・史密斯 Christopher Smith???主演: 梅利莎・乔治 Melissa ...,2009?/?英国 澳大利亚?/?剧情 悬疑 惊悚,8.4,不要企图在重复中寻找已经失去的爱。
192,魔女宅急便,导演: 宫崎骏 Hayao Miyazaki???主演: 高山南 Minami Takayama / 佐久间玲 Re...,1989?/?日本?/?动画 奇幻 冒险,8.6,宫崎骏的电影总让人感觉世界是美好的，阳光明媚的。
193,惊魂记,导演: 阿尔弗雷德・希区柯克 Alfred Hitchcock???主演: 安东尼・博金斯 Antho...,1960?/?美国?/?悬疑 惊悚 恐怖,8.9,故事的反转与反转，分裂电影的始祖。
194,人生果实,导演: 伏原健之 Kenshi Fushihara???主演: 津端修一 Sh?ichi Tsubata / 津...,2017?/?日本?/?纪录片,9.5,土壤没有落叶不会肥沃，没有了你就不算人生。
195,燃情岁月,导演: 爱德华・兹威克 Edward Zwick???主演: 布拉德・皮特 Brad Pitt / 安东...,1994?/?美国?/?剧情 爱情 战争 西部,8.8,传奇，不是每个人都可以拥有。
196,罗生门,导演: 黑泽明 Akira Kurosawa???主演: 三船敏郎 Toshir? Mifune / 千秋实 ...,1950?/?日本?/?犯罪 剧情 悬疑,8.8,人生的N种可能性。
197,穿越时空的少女,导演: 细田守 Mamoru Hosoda???主演: 仲里依纱 Riisa Naka / 石田卓也 Takuya...,2006?/?日本?/?剧情 爱情 科幻 动画,8.6,爱上未来的你。 
198,魂断蓝桥,导演: 茂文・勒鲁瓦 Mervyn LeRoy???主演: 费雯・丽 Vivien Leigh / 罗伯特・...,1940?/?美国?/?剧情 爱情 战争,8.8,中国式内在的美国电影。
199,疯狂的石头,导演: 宁浩 Hao Ning???主演: 郭涛 Tao Guo / 刘桦 Hua Liu / 连晋 Teddy Lin,2006?/?中国大陆 中国香港?/?喜剧 犯罪,8.4,中国版《两杆大烟枪》。
200,新世界,导演: 朴勋政 Hoon-jung Park???主演: 李政宰 Jung-Jae Lee / 崔岷植 Min-sik...,2013?/?韩国?/?剧情 犯罪,8.8,要做就做得狠一点，这样才能活下去。
201,奇迹男孩,导演: 斯蒂芬・卓博斯基 Stephen Chbosky???主演: 雅各布・特伦布莱 Jacob Tr...,2017?/?美国 中国香港?/?剧情 儿童 家庭,8.6,世界不完美，爱会有奇迹。
202,终结者2：审判日,导演: 詹姆斯・卡梅隆 James Cameron???主演: 阿诺・施瓦辛格 Arnold Schwarz...,1991?/?美国 法国?/?动作 科幻,8.7,少见的超越首部的续集，动作片中的经典。
203,哈利・波特与阿兹卡班的囚徒,导演: Alfonso Cuarón???主演: 丹尼尔・雷德克里夫 Daniel Radcliffe / Emma...,2004?/?英国 美国?/?剧情 奇幻 冒险,8.6,不一样的导演，不一样的哈利・波特。
204,完美陌生人,导演: 保罗・格诺维瑟 Paolo Genovese???主演: 马可・贾利尼 Marco Giallini ...,2016?/?意大利?/?剧情 喜剧,8.5,来啊，互相伤害啊！
205,阿飞正传,导演: 王家卫 Kar Wai Wong???主演: 张国荣 Leslie Cheung / 张曼玉 Maggie C...,1990?/?中国香港?/?犯罪 剧情 爱情,8.5,王家卫是一种风格，张国荣是一个代表。
206,可可西里,导演: 陆川 Chuan Lu???主演: 多布杰 Duobujie / 张磊 Lei Zhang / 亓亮 Qi L...,2004?/?中国大陆 中国香港?/?剧情 犯罪,8.8,坚硬的信仰。
207,猜火车,导演: 丹尼・博伊尔 Danny Boyle???主演: 伊万・麦克格雷格 Ewan McGregor / ...,1996?/?英国?/?剧情 犯罪,8.5,不可猜的青春迷笛。 
208,初恋这件小事,导演: 普特鹏・普罗萨卡・那・萨克那卡林 Puttipong Promsaka Na Sakolnakorn / 华森・波克彭...,2010?/?泰国?/?剧情 喜剧 爱情,8.4,黑小鸭速效美白记。
209,牯岭街少年杀人事件,导演: 杨德昌 Edward Yang???主演: 张震 Chen Chang / 杨静怡 Lisa Yang / 张...,1991?/?中国台湾?/?剧情 犯罪,8.8,弱者送给弱者的一刀。
210,香水,导演: 汤姆・提克威 Tom Tykwer???主演: 本・卫肖 Ben Whishaw / 艾伦・瑞克...,2006?/?德国 法国 西班牙 美国?/?剧情 犯罪 奇幻,8.5,一个单凭体香达到高潮的男人。
211,2001太空漫游,导演: 斯坦利・库布里克 Stanley Kubrick???主演: 凯尔・杜拉 Keir Dullea / ...,1968?/?英国 美国?/?科幻 惊悚 冒险,8.8,现代科幻电影的开山之作，最伟大导演的最伟大影片。
212,爱在午夜降临前,导演: 理查德・林克莱特 Richard Linklater???主演: 伊桑・霍克 Ethan Hawke ...,2013?/?美国 希腊?/?剧情 爱情,8.8,所谓爱情，就是话唠一路，都不会心生腻烦，彼此嫌弃。
213,哈利・波特与密室,导演: Chris Columbus???主演: 丹尼尔・雷德克里夫 Daniel Radcliffe / 艾玛...,2002?/?美国 英国 德国?/?奇幻 冒险,8.5,魔法的密室之门已打开...
214,谍影重重2,导演: 保罗・格林格拉斯 Paul Greengrass???主演: 马特・达蒙 Matt Damon / ...,2004?/?美国 德国?/?动作 悬疑 惊悚,8.6,谁说王家卫镜头很晃？
215,谍影重重,导演: 道格・里曼 Doug Liman???主演: 马特・达蒙 Matt Damon / 弗兰卡・波坦...,2002?/?美国 德国 捷克?/?动作 悬疑 惊悚,8.6,哗啦啦啦啦，天在下雨，哗啦啦啦啦，云在哭泣……找自己。
216,战争之王,导演: 安德鲁・尼科尔 Andrew Niccol???主演: 尼古拉斯・凯奇 Nicolas Cage /...,2005?/?美国 法国?/?剧情 犯罪,8.6,做一颗让别人需要你的棋子。
217,无耻混蛋,导演: Quentin Tarantino???主演: 布拉德・皮特 Brad Pitt / 梅拉尼・罗兰 M...,2009?/?德国 美国?/?剧情 犯罪,8.6,昆汀同学越来越变态了，比北野武还杜琪峰。
218,地球上的星星,导演: 阿米尔・汗 Aamir Khan???主演: 达席尔・萨法瑞 Darsheel Safary / 阿...,2007?/?印度?/?剧情 儿童 家庭,8.9,天使保护事件始末。
219,青蛇,导演: 徐克 Hark Tsui???主演: 张曼玉 Maggie Cheung / 王祖贤 Joey Wang / ...,1993?/?中国香港?/?剧情 爱情 奇幻 古装,8.5,人生如此，浮生如斯。谁人言，花彼岸，此生情长意短。谁都是不懂爱的罢了。
220,新龙门客栈,导演: 李惠民 Raymond Lee???主演: 张曼玉 Maggie Cheung / 林青霞 Brigitte ...,1992?/?中国香港 中国大陆?/?动作 爱情 武侠 古装,8.6,嬉笑怒骂，调风动月。
221,浪潮,导演: 丹尼斯・甘塞尔 Dennis Gansel???主演: 尤尔根・沃格尔 Jürgen Vogel ...,2008?/?德国?/?剧情 惊悚,8.7,世界离独裁只有五天。
222,朗读者,导演: 史蒂芬・戴德利 Stephen Daldry???主演: 凯特・温丝莱特 Kate Winslet ...,2008?/?美国 德国?/?剧情 爱情,8.5,当爱情跨越年龄的界限，它似乎能变得更久远一点，成为一种责任，一种水到渠成的相濡以沫。 
223,源代码,导演: 邓肯・琼斯 Duncan Jones???主演: 杰克・吉伦哈尔 Jake Gyllenhaal / ...,2011?/?美国 加拿大?/?科幻 悬疑 惊悚,8.4,邓肯・琼斯继《月球》之后再度奉献出一部精彩绝伦的科幻佳作。
224,绿里奇迹,导演: Frank Darabont???主演: 汤姆・汉克斯 Tom Hanks / 大卫・摩斯 David M...,1999?/?美国?/?犯罪 剧情 奇幻 悬疑,8.8,天使暂时离开。
225,步履不停,导演: 是枝裕和 Hirokazu Koreeda???主演: 阿部宽 Hiroshi Abe / 夏川结衣 Yu...,2008?/?日本?/?剧情 家庭,8.8,日本的家庭电影已经是世界巅峰了，步履不停是巅峰中的佳作。
226,城市之光,导演: Charles Chaplin???主演: 查理・卓别林 Charles Chaplin / 弗吉尼亚・...,1931?/?美国?/?喜剧 剧情 爱情,9.3,永远的小人物，伟大的卓别林。
227,血钻,导演: 爱德华・兹威克 Edward Zwick???主演: 莱昂纳多・迪卡普里奥 Leonardo ...,2006?/?美国 德国?/?剧情 惊悚 冒险,8.6,每个美丽事物背后都是滴血的现实。
228,彗星来的那一夜,导演: 詹姆斯・沃德・布柯特 James Ward Byrkit???主演: 艾米丽・芭尔多尼 Em...,2013?/?美国 英国?/?科幻 悬疑 惊悚,8.5,小成本大魅力。
229,小偷家族,导演: 是枝裕和 Hirokazu Koreeda???主演: 中川雅也 Lily Franky / 安藤樱 Sa...,2018?/?日本?/?剧情 犯罪 家庭,8.7,我们组成了家。
230,小萝莉的猴神大叔,导演: 卡比尔・汗 Kabir Khan???主演: 萨尔曼・汗 Salman Khan / 哈莎莉・马...,2015?/?印度?/?剧情 喜剧 动作,8.4,宝莱坞的萝莉与大叔。
231,疯狂的麦克斯4：狂暴之路,导演: 乔治・米勒 George Miller???主演: 汤姆・哈迪 Tom Hardy / 查理兹・塞...,2015?/?澳大利亚 美国?/?动作 科幻 冒险,8.6,“多么美好的一天！”轰轰轰砰咚，啪哒哒哒轰隆隆，磅~
232,再次出发之纽约遇见你,导演: 约翰・卡尼 John Carney???主演: 凯拉・奈特莉 Keira Knightley / 马克...,2013?/?美国?/?喜剧 爱情 音乐,8.5,爱我就给我看你的播放列表。
233,追随,导演: 克里斯托弗・诺兰 Christopher Nolan???主演: 杰里米・西奥伯德 Jeremy...,1998?/?英国?/?犯罪 悬疑 惊悚,8.9,诺兰的牛逼来源于内心散发出的恐惧。
234,一次别离,导演: 阿斯哈・法哈蒂  Asghar Farhadi???主演: 佩曼・莫阿迪 Peyman Moadi /...,2011?/?伊朗 法国?/?剧情 家庭,8.7,只有有信仰的人才能说出事实真相。
235,东京物语,导演: 小津安二郎 Yasujir? Ozu???主演: 笠智众 Chish? Ry? / 原节...,1953?/?日本?/?剧情 家庭,9.2,东京那么大，如果有一天走失了，恐怕一辈子不能再相见。
236,色，戒,导演: 李安 Ang Lee???主演: 梁朝伟 Tony Leung Chiu Wai / 汤唯 Wei Tang / ...,2007?/?中国台湾 中国大陆 美国 中国香港?/?剧情 爱情 情色,8.4,假戏真情，爱欲深海
237,遗愿清单,导演: 罗伯・莱纳 Rob Reiner???主演: 杰克・尼科尔森 Jack Nicholson / 摩根...,2007?/?美国?/?冒险 喜剧 剧情,8.6,用剩余不多的时间，去燃烧整个生命。
238,聚焦,导演: 托马斯・麦卡锡 Thomas McCarthy???主演: 马克・鲁弗洛 Mark Ruffalo /...,2015?/?美国?/?剧情 传记,8.8,新闻人的理性求真。
239,大佛普拉斯,导演: 黄信尧 Hsin-yao Huang???主演: 庄益增 Yizeng Zhuang / 陈竹N Chu-sh...,2017?/?中国台湾?/?剧情 喜剧 犯罪,8.7,人们可以登上月球，却永远无法探索人们内心的宇宙。
240,发条橙,导演: Stanley Kubrick???主演: Malcolm McDowell / Patrick Magee / Michael...,1971?/?英国 美国?/?犯罪 剧情 科幻,8.5,我完全康复了。
241,撞车,导演: 保罗・哈吉斯 Paul Haggis???主演: 桑德拉・布洛克 Sandra Bullock / ...,2004?/?美国 德国?/?犯罪 剧情,8.6,天使与魔鬼的冲撞。
242,驴得水,导演: 周申 Shen Zhou / 刘露 Lu Liu???主演: 任素汐 Suxi Ren / 大力 Da Li ...,2016?/?中国大陆?/?剧情 喜剧,8.3,过去的如果就让它过去了，未来只会越来越糟！
243,黑鹰坠落,导演: 雷德利・斯科特 Ridley Scott???主演: 乔什・哈奈特 Josh Hartnett / ...,2001?/?美国?/?动作 历史 战争,8.7,还原真实而残酷的战争。
244,梦之安魂曲,导演: 达伦・阿伦诺夫斯基 Darren Aronofsky???主演: 艾伦・伯斯汀 Ellen Bur...,2000?/?美国?/?剧情,8.7,一场没有春天的噩梦。
245,我爱你,导演: 秋昌民 Chang-min Choo???主演: 宋在河 Jae-ho Song / 李顺载 Soon-jae...,2011?/?韩国?/?剧情 爱情,9,你要相信，这世上真的有爱存在，不管在什么年纪 
246,E.T. 外星人,导演: 史蒂文・斯皮尔伯格 Steven Spielberg???主演: 亨利・托马斯 Henry Tho...,1982?/?美国?/?剧情 科幻,8.6,生病的E.T.皮肤的颜色就像柿子饼。
247,千钧一发,导演: 安德鲁・尼科尔 Andrew Niccol???主演: 伊桑・霍克 Ethan Hawke / 乌玛...,1997?/?美国?/?剧情 科幻 惊悚,8.8,一部能引人思考的科幻励志片。
248,末路狂花,导演: 雷德利・斯科特 Ridley Scott???主演: 吉娜・戴维斯 Geena Davis / 苏...,1991?/?美国 法国?/?犯罪 剧情 惊悚,8.7,没有了退路，只好飞向自由。
249,变脸,导演: 吴宇森 John Woo???主演: 约翰・特拉沃尔塔 John Travolta / 尼古拉斯...,1997?/?美国?/?动作 科幻 犯罪 惊悚,8.5,当发哥的风衣、墨镜出现在了凯奇身上??
250,这个男人来自地球,导演: 理查德・沙因克曼 Richard Schenkman???主演: 大卫・李・史密斯 David ...,2007?/?美国?/?剧情 科幻,8.5,科幻真正的魅力不是视觉效果能取代的。 
